15163311,-2.0728924,1.8239537,9.359133
15163331,1.4122477,-2.1207652,-9.215514
15163347,1.4313968,-2.1973617,-9.225089
15163397,1.7377827,-2.149489,-9.20594
15163408,-2.1590633,1.4218222,9.129343
15163423,-2.1399143,1.2207564,9.148493
15163438,-2.0441687,1.2973529,9.091045
15163459,-1.9005502,1.4122477,9.024023
15163473,-1.7473572,1.4601204,9.0814705
15163488,-1.6611862,1.2877784,9.052747
15163503,-1.6994845,1.2877784,9.119769
15163520,-1.6994845,1.5750152,9.330409
15163534,-1.8718265,1.3260766,9.359133
15163550,-1.9579976,1.3069274,9.407005
15163568,-2.0250196,1.929274,9.665519
15163583,-2.2356598,2.2452345,9.598496
15163600,-2.360129,2.4463003,9.445304
15163614,-2.3314054,2.9633265,9.684668
15163633,-2.149489,4.303765,9.818711
15163645,-2.3697038,4.96441,9.703817
15163664,-2.8771553,3.5665238,9.407005
15163680,-3.7292912,1.6707608,9.004874
15163693,-3.8824842,0.17712937,7.999545
15163709,-3.0016246,-1.5462915,6.3814445
15163728,-1.2016073,-4.351638,3.8729098
15163744,0.56011176,-6.170804,0.5888355
15163760,2.5420458,-8.171887,-1.4122477
15163774,4.2654667,-10.182545,-3.4612036
15163789,4.6771727,-11.235746,-3.8346114
15163805,3.3271596,-9.742115,-3.059072
15163821,1.929274,-10.077225,-7.0995364
15163841,4.121848,-10.632549,-10.575102
15163853,6.4676156,-10.527229,-12.2410755
15163869,5.672927,-11.819795,-11.360216
15163884,3.1548176,-12.269799,-8.028269
15163901,-1.3165021,-14.20386,4.935686
15163921,-5.6633525,-14.088965,4.619725
15163934,1.5079932,-16.626225,1.469695
15163949,3.5090764,-16.664522,-3.231414
15163965,2.513322,-9.454879,-2.1399143
15163981,1.5175679,-8.583593,-4.1026993
15164000,1.9867213,-9.407005,-6.563361
15164013,3.1165195,-9.502751,-5.2133484
15164028,3.4133308,-11.005958,-5.567607
15164044,4.0644007,-12.068733,-4.2271686
15164061,3.8824842,-6.7357035,-2.2643836
15164075,4.2175937,-1.7377827,-0.56011176
15164091,4.1409974,-1.2973529,-1.383524
15164109,3.346309,-6.4293175,-3.7388659
15164124,4.772918,-5.2133484,-4.3803616
15164141,6.103782,-3.5569491,-3.7101421
15164155,5.605905,-5.692076,-2.5037475
15164174,5.4239883,-6.7740016,-1.5558661
15164189,4.1409974,-7.9516726,-1.469695
15164205,4.351638,-7.846352,-2.1207652
15164221,3.6335456,-6.850598,-6.984642
15164235,8.095291,-7.693159,-11.695326
15164250,7.482519,-9.138918,-9.722966
15164269,1.6803354,-12.059159,-8.803808
15164285,1.6994845,-14.424075,-2.800559
15164301,-2.1303396,-12.298523,3.7197168
15164314,-1.9867213,-11.025106,0.26330042
15164330,-1.9962958,-16.26239,-4.5718527
15164346,1.0388398,-18.99114,8.545295
15164366,6.2761245,-4.9452605,2.7048132
15164380,11.05383,-1.5941644,8.66019
15164394,-2.1207652,8.736787,-1.8335283
15164411,-1.9388485,-2.647366,5.950589
15164427,1.4313968,-11.341067,9.043172
15164446,5.1654754,-2.7909844,5.4048395
15164461,2.8101335,-3.8729098,5.366541
15164476,4.73462,-10.259142,4.2463174
15164491,4.954835,-3.9782298,2.2452345
15164505,5.6633525,-0.00478728,4.7920675
15164526,7.1474094,-3.7388659,8.803808
15164541,4.4856815,-1.8909757,7.329326
15164556,1.4505459,-3.4229054,6.4197426
15164571,5.2133484,-5.2707953,5.538883
15164586,11.331492,-13.763431,8.382527
15164600,6.6878304,-9.339984,6.065484
15164620,3.1452432,-7.3197513,5.567607
15164635,3.7675896,-9.301685,7.741032
15164651,4.5239797,-6.0559096,5.692076
15164666,5.82612,-7.855927,5.7208
15164680,0.8186249,-9.253813,7.2527294
15164696,-0.56968635,-6.821874,5.261221
15164715,0.18670394,-6.5729356,3.5569491
15164731,0.69415563,-7.042089,2.4654493
15164745,4.926111,-4.476107,6.5537868
15164760,7.9899707,-10.469782,1.0196906
15164776,0.043085523,-12.288948,3.2409887
15164792,1.4122477,-8.277207,2.7431116
15164808,5.0601554,-5.38569,-0.22500217
15164825,5.6633525,-7.1474094,0.56968635
15164840,5.653778,-7.5208173,2.168638
15164856,4.3612123,-5.519734,11.982562
15164871,1.3452257,-4.8782387,19.594337
15164887,2.7622607,-3.6814184,19.584763
15164906,5.806971,-3.9686553,15.774088
15164921,3.6622694,-7.4537954,9.225089
15164936,-0.5218136,-8.957002,11.312344
15164952,3.126094,-8.880404,12.059159
15164967,7.8655014,-8.11444,8.803808
15164986,3.4803526,-11.982562,3.6526947
15165000,1.469695,-7.35805,4.4473834
15165016,5.481436,-0.359046,2.2835326
15165032,5.5101595,-2.3792782,-1.6133134
15165047,3.451629,1.8239537,-6.850598
15165066,6.563361,-1.5079932,-18.014536
15165081,11.7049,-11.513409,-13.524067
15165097,9.560199,-13.150659,2.6569405
15165112,5.021857,-0.4164934,5.653778
15165128,1.8909757,-14.845356,7.204857
15165145,-0.25372586,-17.957088,2.5420458
15165160,5.17505,-11.111278,1.4026731
15165177,8.286782,-4.150572,2.101616
15165192,6.065484,-3.078221,2.5420458
15165208,3.5856729,-6.6208086,-0.32074776
15165226,4.1409974,-4.8590894,0.043085523
15165241,3.0973704,-1.9579976,2.0250196
15165253,2.254809,-5.376116,3.7292912
15165286,3.4803526,-6.323997,3.451629
15165301,2.3984275,-10.670848,3.8824842
15165320,0.8090504,-15.228338,6.9271946
15165333,2.3026817,-18.253899,8.152739
15165351,2.408002,-14.155988,9.847435
15165365,2.7909844,-8.736787,11.953838
15165385,3.6622694,-4.322914,10.077225
15165400,4.7250457,-5.433563,7.894225
15165412,5.8835673,-8.822957,5.519734
15165428,6.4197426,-8.803808,4.6388745
15165447,9.320834,-5.376116,-5.2037735
15165461,4.121848,-12.308098,-5.873993
15165477,1.9771467,-12.049584,-10.699572
15165493,2.6377914,-13.658111,-15.036847
15165508,4.935686,-10.153821,-7.35805
15165524,5.5484576,3.1643922,-11.7336235
15165540,4.342063,0.36862057,-8.870831
15165557,7.9516726,-2.580344,-6.1899533
15165573,10.383611,-2.187787,-5.500585
15165588,7.02294,-3.1069448,-4.3612123
15165606,4.5527034,-7.1474094,-1.1824582
15165622,3.126094,-7.2240057,2.8580062
15165637,1.0579889,-3.5952475,-0.9622433
15165653,4.2080193,-3.384607,-5.787822
15165668,6.764427,-9.407005,-7.922949
15165687,5.4431376,-10.565528,-8.2676325
15165702,4.1792955,-8.621892,-5.0601554
15165730,4.504831,-11.005958,-4.6293
15165747,4.916537,-11.810221,-9.119769
15165767,5.8835673,-11.925115,-10.029352
15165778,5.739949,-12.892146,-9.004874
15165794,3.212265,-9.349558,9.924032
15165810,3.9878044,-5.299519,9.54105
15165827,1.2207564,-2.7431116,12.154904
15165842,1.2399056,-8.353804,1.6803354
15165858,1.862252,-15.879409,1.0388398
15165874,-2.0537431,-9.253813,-2.733537
15165893,1.8239537,-8.34423,6.304848
15165907,1.3165021,-4.8973875,10.268716
15165925,2.3026817,-8.631466,7.204857
15165938,3.5665238,-3.0973704,6.7740016
15165954,2.5899186,-2.6377914,5.3186684
15165970,-4.6388745,-0.32074776,7.1091113
15165985,1.14416,2.3792782,10.488931
15166002,1.4792696,3.2505634,9.3878565
15166018,-0.8473486,2.5994933,6.525063
15166034,-1.3739494,-0.8952214,7.195282
15166050,1.5941644,-2.0633178,8.2676325
15166068,4.5718527,-0.2441513,10.967659
15166082,6.8122997,2.034594,11.743198
15166099,4.0069537,0.32074776,10.421909
15166115,1.14416,-4.016528,9.608071
15166131,2.6090677,-8.420826,8.698488
15166148,2.6090677,-6.8793216,4.610151
15166163,2.3122563,-0.9430942,9.407005
15166179,3.039923,3.5090764,11.982562
15166195,4.648449,2.3888528,11.044255
15166211,6.4005938,-3.6335456,12.480439
15166228,3.4229054,-5.222923,12.7964
15166243,1.5367169,-5.519734,11.647452
15166259,2.9824755,-7.56869,7.9708214
15166274,0.28244954,-4.131423,8.593168
15166289,4.4473834,-2.2931073,7.1857076
15166307,5.7016506,-4.7537694,-0.8856468
15166319,3.3080106,-5.2707953,1.6133134
15166336,1.5845897,-10.92936,7.3389006
15166352,2.0250196,-12.940019,8.698488
15166368,5.06973,-8.583593,3.6239712
15166383,5.452712,-7.396348,2.2931073
15166399,4.7537694,-6.745278,5.739949
15166415,3.059072,-5.912291,7.2240057
15166434,0.3111732,-0.22500217,6.8793216
15166450,-0.30159867,-2.733537,1.2973529
15166464,3.9878044,-19.259228,-4.5718527
15166479,8.191036,-19.594337,1.8431029
15166495,5.021857,-13.246405,11.082554
15166511,1.1250108,-3.020774,7.2718787
15166530,0.19627848,-5.7782474,-1.948423
15166544,0.36862057,-15.410255,-6.2474008
15166560,2.7239625,-19.039013,-5.912291
15166576,5.2037735,-10.795317,-1.8431029
15166591,2.8388572,-4.4856815,-4.5910015
15166609,2.0633178,-5.759098,-10.651698
15166624,7.9516726,-3.825037,-13.169807
15166640,11.513409,-6.0846334,-1.8814012
15166654,5.998462,1.2303311,-5.17505
15166670,3.8729098,-7.9037995,-6.132506
15166689,10.804892,-4.782493,-1.5462915
15166701,9.033598,-8.085716,0.83777404
15166721,3.604822,-7.12826,-0.7324539
15166736,1.0867126,-3.365458,-1.0005416
15166752,4.610151,-1.3069274,-4.3324885
15166770,8.124015,-1.3930986,-3.9399316
15166781,2.2356598,-5.155901,-9.043172
15166801,2.9441774,-7.2240057,-11.542132
15166813,4.1792955,-7.788905,-12.030436
15166830,2.714388,-12.317672,-4.1409974
15166845,0.92394507,-14.66344,-2.101616
15166861,2.254809,-14.720886,0.7420284
15166877,2.494173,-13.562365,4.121848
15166895,3.2505634,-14.452799,6.8888965
15166908,4.121848,-7.7506065,7.702734
15166924,7.2718787,-9.454879,3.690993
15166941,3.1835413,-0.40691882,2.5420458
15166956,0.36862057,5.261221,8.755936
15166973,3.451629,-0.36862057,13.696408
15166991,-2.733537,-1.469695,9.914457
15167007,0.46436617,-11.034681,4.7441945
15167020,7.501668,-13.638962,4.495256
15167036,5.9314404,-6.170804,4.131423
15167052,2.714388,-2.6760898,5.17505
15167071,5.4239883,-11.436812,10.421909
15167084,2.3984275,7.788905,10.06765
15167101,-0.46436617,-4.1409974,6.103782
15167116,5.2037735,6.027186,6.3814445
15167131,15.563448,-4.6388745,7.769756
15167149,-0.9526688,-9.732541,0.59841
15167164,-1.14416,-10.469782,4.1888704
15167181,7.501668,-12.432567,0.6558574
15167196,7.5208173,-5.194199,1.5079932
15167211,3.9590807,-2.1111906,8.985725
15167230,-1.6324625,0.5888355,13.409172
15167244,-4.303765,-6.7931504,14.596417
15167261,1.4026731,-11.9346895,6.0750585
15167276,6.027186,-7.310177,5.347392
15167292,5.7686725,-7.1091113,-1.2973529
15167308,1.7569319,-11.743198,-2.2069361
15167324,1.0962871,-14.223009,1.8335283
15167341,1.3548003,-6.9559183,4.8973875
15167357,2.9250283,-5.8548436,0.8856468
15167372,5.146326,-7.9420977,-2.733537
15167389,3.7005677,-10.058076,4.7441945
15167404,2.3984275,-3.231414,17.842194
15167421,3.3558834,-3.4803526,19.594337
15167437,3.518651,-8.746361,19.46987
15167452,5.079304,-7.1474094,12.67193
15167468,0.40691882,-7.769756,10.757019
15167481,0.22500217,-6.8793216,10.374036
15167501,4.476107,-8.305931,9.225089
15167513,7.808054,-9.512326,7.2623043
15167532,6.132506,-7.3867736,4.619725
15167549,1.1728836,-10.048501,0.56011176
15167561,0.05266008,-3.4037561,-7.5208173
15167580,-1.709059,-3.8537605,-8.612317
15167593,5.17505,-3.9782298,-8.353804
15167612,10.632549,-7.396348,-0.110107444
15167629,4.811217,-8.650616,6.1420803
15167641,0.014361841,-8.44955,3.2409887
15167657,1.0484143,-8.899554,-4.2080193
15167673,3.7388659,-7.12826,-2.7048132
15167689,3.997379,-10.757019,4.581427
15167705,3.193116,-11.963413,1.709059
15167722,2.5707695,-8.7750845,4.389936
15167738,4.9069624,-10.622974,11.312344
15167754,4.7058964,-16.30069,18.378368
15167769,3.4037561,-12.67193,12.614484
15167785,1.5079932,-8.755936,14.9794
15167802,5.28037,-8.755936,10.40276
15167817,9.866585,-12.710229,6.4197426
15167833,8.248484,-8.372953,2.6186423
15167849,3.2984362,-7.204857,-2.5037475
15167865,1.2111819,-6.6016593,-2.6952388
15167882,-0.8281995,-2.561195,-11.590006
15167898,-0.13883112,-4.1409974,-19.20178
15167911,3.5856729,-9.062322,-11.9346895
15167930,4.1888704,-4.1601467,-11.092129
15167945,3.777164,-4.045252,-5.567607
15167962,1.5462915,-3.9686553,-3.604822
15167978,1.1250108,-7.7314577,6.7548523
15167991,0.23457673,-12.231501,5.682502
15168011,5.021857,-14.443225,-0.6845811
15168025,6.515488,-17.459211,9.502751
15168041,5.3952646,-11.657027,15.075146
15168055,6.8122997,-19.09646,9.54105
15168072,8.545295,-16.214518,4.08355
15168089,5.806971,-5.452712,5.82612
15168103,2.4654493,-3.1643922,5.6154795
15168118,4.5718527,-12.001712,2.5228968
15168134,5.845269,-5.644203,-3.690993
15168150,5.845269,-3.4803526,-4.0069537
15168166,5.6250544,-2.3792782,-7.195282
15168183,-1.9579976,-1.4505459,-3.2792869
15168199,-5.82612,-2.1399143,-9.85701
15168213,3.9782298,1.3548003,-13.3612995
15168230,9.426155,-1.709059,-12.336822
15168250,3.499502,-5.108028,-11.274045
15168261,2.9154537,-12.729378,0.59841
15168278,-0.5888355,-16.540052,5.2037735
15168293,2.5228968,-19.163483,7.8176284
15168310,3.9399316,-19.46987,6.783576
15168325,0.16755481,-19.489017,-3.3271596
15168342,-2.5420458,-19.594337,-5.644203
15168358,2.187787,-18.177303,-2.7718353
15168373,7.1665583,-6.697405,4.045252
15168390,11.05383,0.30159867,7.9037995
15168406,2.9346027,7.702734,-0.78990126
15168423,-2.3505547,6.1229315,6.563361
15168439,1.1345854,-2.6282167,5.979313
15168455,3.9686553,0.56968635,-1.1537346
15168471,3.2697124,-0.9430942,-1.4409714
15168487,2.7718353,-7.9899707,-0.34947145
15168499,8.957002,-9.234664,3.0973704
15168519,9.407005,-4.8973875,-0.18670394
15168532,8.679339,-9.64637,-3.059072
15168552,8.506997,-15.209189,4.9452605
15168566,6.783576,-7.7506065,-0.8664977
15168579,6.678256,-9.062322,-1.3643749
15168595,5.366541,-10.268716,1.9579976
15168614,3.126094,-5.9314404,6.592085
15168632,-1.9771467,-9.349558,13.99322
15168644,-4.610151,-9.742115,15.601747
15168659,1.6994845,-3.126094,8.880404
15168675,3.6143966,-11.187874,2.733537
15168692,0.0718092,-9.263388,0.0718092
15168707,2.408002,-4.9739842,-3.7867386
15168724,2.513322,-4.1409974,-4.504831
15168740,3.5952475,-12.317672,-0.12925656
15168756,2.4558747,-7.9420977,15.592172
15168771,5.021857,-6.0846334,19.594337
15168791,2.8388572,-5.0122824,19.527315
15168804,3.2218397,-5.960164,16.999632
15168820,0.99096704,-8.7750845,14.318755
15168836,1.2016073,-10.220843,12.078308
15168852,5.7112255,-10.94851,9.742115
15168867,6.017611,-7.741032,8.746361
15168884,6.544212,-7.35805,-0.9622433
15168900,2.34098,-8.085716,-6.4963393
15168916,-1.1250108,-0.3398969,-5.538883
15168932,-1.9771467,8.727212,-15.956005
15168947,5.8835673,5.500585,-15.036847
15168964,15.055996,-7.2910275,-6.821874
15168981,14.117689,-17.554956,9.062322
15168996,-7.693159,-19.594337,8.478273
15169011,-6.438892,-12.097457,-10.077225
15169026,6.630383,-3.6431203,-4.8207912
15169043,8.966576,-9.579348,-2.5899186
15169057,1.6803354,-8.966576,-6.764427
15169075,2.1303396,-5.9218655,-2.3505547
15169091,3.7101421,-11.111278,-4.4090853
15169107,2.714388,-8.755936,-1.0675635
15169121,2.101616,-2.666515,3.231414
15169136,1.79523,1.7473572,2.3888528
15169155,0.25372586,-3.4420545,-4.389936
15169172,0.49308985,-12.308098,-14.577269
15169184,6.8410234,-17.210272,-14.787909
15169201,7.6452866,-8.296356,-8.143164
15169216,4.6005764,-10.316589,-6.936769
15169233,5.9314404,-15.668768,-7.9420977
15169253,10.220843,-15.190041,-1.4984187
15169264,1.14416,-2.7048132,11.666602
15169281,-6.458041,-12.892146,4.1888704
15169296,1.8718265,-19.594337,-7.7793303
15169313,12.834699,-19.53689,-15.821961
15169328,14.759185,-17.736874,-12.212352
15169344,3.2505634,9.924032,-3.7867386
15169361,-2.5516202,13.437896,11.963413
15169377,-9.5219,1.8431029,11.111278
15169393,-4.1122737,-9.349558,8.602742
15169407,1.8431029,-11.992137,7.042089
15169424,1.9675722,-12.413418,6.4293175
15169441,3.2505634,-8.918703,7.8176284
15169468,-2.0058703,11.886817,5.845269
15169488,-1.3930986,-4.96441,-4.696322
15169508,-7.587839,0.37819514,-5.998462
15169528,-2.819708,2.561195,-9.20594
15169549,2.2452345,1.7569319,13.045339
15169554,2.2931073,5.960164,12.614484
15169567,4.1026993,5.950589,7.894225
15169584,2.2069361,3.3750327,6.716554
15169602,1.7186337,0.25372586,8.851681
15169617,5.1176023,-8.018694,6.4293175
15169634,4.7441945,-5.7208,5.021857
15169648,3.9878044,1.4601204,5.328243
15169662,5.960164,4.993133,7.204857
15169682,4.96441,2.254809,13.390023
15169697,2.1973617,-1.0579889,13.619812
15169714,1.5941644,-5.232497,9.809137
15169728,4.96441,-7.35805,4.9452605
15169744,3.126094,-8.2676325,10.555953
15169758,2.714388,-6.7357035,14.519821
15169774,3.0877957,-8.487848,3.499502
15169794,6.764427,-13.102786,7.3197513
15169807,4.1026993,-1.862252,6.668681
15169821,3.5090764,5.5101595,7.9899707
15169837,4.6293,-1.8526775,2.7622607
15169854,4.121848,-6.113357,0.59841
15169869,4.0261025,-10.967659,1.862252
15169884,3.1165195,-14.682589,1.4122477
15169902,4.389936,-17.05708,1.3548003
15169918,4.543129,-16.26239,5.0122824
15169934,1.4505459,-13.504917,4.696322
15169948,1.6420372,-11.15915,5.3186684
15169964,3.8633351,-5.155901,8.621892
15169983,6.9942164,8.44955,9.684668
15169998,6.4963393,-0.23457673,2.408002
15170014,6.9271946,-12.413418,-4.0261025
15170028,6.1229315,-19.594337,-5.787822
15170044,4.121848,-16.626225,-7.2144313
15170063,-2.2643836,-11.513409,-5.950589
15170078,-1.2303311,-4.437809,-7.5974135
15170095,4.0739756,1.9675722,-5.586756
15170109,7.702734,-0.09095833,-3.1835413
15170125,5.6633525,-2.149489,-1.6516117
15170142,3.0686467,-3.384607,-5.2516465
15170158,3.4324799,-6.8601727,-2.9920502
15170175,3.5569491,-7.6740103,-2.3505547
15170189,2.905879,-11.005958,-2.9346027
15170205,7.3197513,-10.479357,-2.7909844
15170218,9.033598,-8.056993,-7.7506065
15170235,10.029352,-11.15915,-2.4845984
15170255,7.02294,-9.703817,-6.0846334
15170269,8.143164,-8.286782,-1.5367169
15170285,6.0463347,-4.73462,-5.653778
15170299,7.2335806,-9.253813,3.518651
15170315,3.2697124,-4.8782387,9.033598
15170335,-0.3398969,-8.832532,-1.0675635
15170346,2.4654493,-5.519734,-2.9537518
15170363,5.3569665,-8.2676325,-3.231414
15170379,6.7069798,-7.769756,-5.433563
15170394,2.8963046,-6.764427,-6.0367603
15170410,3.604822,-7.9420977,-6.515488
15170428,7.875076,-8.34423,-7.137835
15170442,7.5591154,-8.641041,-7.8272033
15170458,5.2516465,-10.910212,-7.9516726
15170476,4.96441,-9.426155,-7.5303917
15170490,4.935686,-6.831449,-4.0739756
15170506,3.0303483,-5.759098,-5.538883
15170523,3.911208,-3.997379,-9.368708
15170539,5.1176023,-9.024023,-9.8953085
15170556,3.1643922,-13.255979,-5.5963306
15170569,2.3792782,-11.005958,-7.6452866
15170585,1.8718265,-11.49426,-2.1782124
15170604,-3.039923,-12.154904,10.776168
15170619,-5.3569665,-12.767676,-1.9579976
15170636,0.09095833,-19.086885,-15.525149
15170650,2.2739582,-19.594337,-17.363466
15170665,3.7292912,-12.825124,-15.391106
15170680,2.3984275,13.734707,18.004961
15170699,0.6750065,15.151742,13.974071
15170717,-7.855927,-16.05175,-0.05266008
15170730,0.5888355,-19.594337,-3.1452432
15170746,-0.17712937,-12.317672,4.8207912
15170760,-0.33032233,-2.3026817,11.379365
15170776,2.0441687,2.972901,11.925115
15170795,-3.5282254,-0.0718092,10.5080805
15170809,-0.33032233,-1.4792696,6.821874
15170825,1.0101161,0.61755913,7.5974135
15170839,-4.1026993,0.12925656,6.9559183
15170856,-0.20585304,-5.347392,8.526146
15170876,3.126094,-5.634629,8.650616
15170890,2.0250196,-0.5218136,6.458041
15170905,1.9675722,4.2175937,8.708063
15170920,-0.05266008,4.169721,9.924032
15170936,0.6271337,4.342063,8.353804
15170951,3.9686553,3.4707782,9.062322
15170970,-1.622888,1.8048047,6.0559096
15170985,-3.997379,-4.993133,7.961247
15171000,8.794233,-4.08355,12.384694
15171017,4.9452605,5.041006,13.313426
15171031,-1.2973529,3.4899273,14.117689
15171046,-0.26330042,-0.081383765,13.093211
15171062,2.5707695,-1.3069274,12.6527815
15171081,4.169721,-3.7484405,12.738953
15171097,3.9495063,-5.5771813,12.288948
15171111,0.85692316,-9.024023,7.7601814
15171126,-2.4558747,-11.216598,0.69415563
15171143,-0.59841,-11.925115,-1.1154363
15171160,3.5378,-10.182545,0.28244954
15171176,5.529309,-9.263388,0.014361841
15171190,3.518651,-7.137835,4.3133397
15171206,-0.3398969,-9.043172,7.9803963
15171224,0.26330042,-9.349558,7.875076
15171237,4.8782387,-3.8346114,0.85692316
15171258,6.8793216,-5.567607,0.4835153
15171271,3.0973704,-7.4920936,1.0292653
15171287,2.7814097,-6.8122997,6.6208086
15171302,5.146326,-4.9452605,16.607075
15171317,4.5718527,-1.4026731,19.594337
15171338,5.452712,-3.9686553,18.244326
15171351,2.9346027,-8.506997,17.411339
15171367,2.6377914,-6.37187,18.062408
15171382,6.323997,-5.433563,10.958084
15171398,4.648449,-7.02294,0.6271337
15171412,-3.3750327,-13.830453,3.3271596
15171428,-6.764427,-15.065571,0.28244954
15171445,2.7622607,-9.033598,-7.4442205
15171461,11.743198,-4.8303657,-19.603912
15171478,13.629387,-1.9675722,-12.700654
15171492,4.696322,-3.9686553,-2.5420458
15171511,3.3941817,-3.4707782,-1.7377827
15171526,6.5729356,-3.9782298,-1.9196993
15171542,5.8835673,-6.486765,-0.61755913
15171558,4.610151,-8.420826,8.937852
15171572,3.7484405,-2.513322,19.594337
15171587,0.0,-4.2654667,19.594337
15171606,-2.6090677,-10.871913,16.214518
15171621,0.14840569,-10.910212,12.317672
15171638,2.561195,-7.396348,6.783576
15171652,3.9686553,-5.5484576,5.538883
15171667,5.787822,-4.4090853,4.389936
15171683,8.037844,-5.0601554,6.8793216
15171702,7.7506065,-5.500585,8.258059
15171719,6.4963393,-8.047418,7.0612383
15171732,6.0080366,-10.421909,3.3271596
15171748,5.261221,-10.249567,0.665432
15171763,5.108028,-7.4729443,0.37819514
15171783,4.7920675,-5.1367517,-0.69415563
15171799,2.494173,-6.47719,-2.733537
15171813,1.709059,-6.065484,1.9101248
15171827,3.6814184,-0.4164934,3.5760984
15171842,4.169721,-3.9686553,3.758015
15171858,3.4229054,-10.125097,2.3505547
15171879,3.7484405,-13.045339,4.131423
15171906,5.2133484,-17.363466,14.184711
15171923,2.714388,-12.394268,11.944264
15171939,3.7005677,-6.5537868,12.614484
15171954,7.3006024,-6.639958,8.334655
15171969,10.421909,-12.509163,4.9835587
15171986,11.657027,-0.25372586,-4.5527034
15172003,13.112361,-3.6239712,-7.9037995
15172019,3.365458,-11.522984,-4.543129
15172033,-11.044255,-19.43157,-4.121848
15172053,-11.015532,-8.085716,-2.972901
15172067,10.919786,13.4666195,6.438892
15172082,17.133677,0.32074776,1.79523
15172098,6.410168,-15.199615,-7.195282
15172113,-0.023936402,-15.410255,-6.094208
15172128,-0.9718179,-8.813383,-7.702734
15172147,0.92394507,-3.193116,-5.3952646
15172163,3.9590807,-0.47394073,-4.83994
15172179,9.004874,3.2218397,-2.1399143
15172192,9.454879,-2.187787,-0.83777404
15172208,5.433563,-13.533641,-3.2792869
15172224,3.911208,-18.617733,-4.954835
15172243,4.96441,-11.915541,-7.8176284
15172260,6.9080453,-4.782493,-3.9399316
15172273,8.076141,-0.54096264,1.1345854
15172288,8.363379,0.69415563,1.709059
15172304,6.630383,-8.181462,-0.20585304
15172324,4.121848,-16.568777,-3.020774
15172340,5.2420716,-16.042175,-4.7441945
15172353,8.564445,-12.604909,-0.45479164
15172368,4.0356774,-8.372953,7.3389006
15172384,-2.6186423,-5.941015,3.9016335
15172400,5.414414,-5.347392,1.9196993
15172420,5.4239883,-8.784659,1.1824582
15172433,3.3558834,-13.418746,0.59841
15172449,3.7675896,-11.216598,1.1154363
15172464,0.56011176,-10.967659,7.2240057
15172480,1.776081,-14.108115,6.5346375
15172494,5.9218655,-15.199615,2.0441687
15172528,8.708063,-5.2420716,2.6282167
15172544,7.1665583,-6.7931504,1.8335283
15172561,5.9314404,-7.5303917,1.6324625
15172574,-0.49308985,-3.0973704,18.665606
15172590,-0.05266008,4.198445,7.654861
15172609,5.8835673,-9.569773,1.5367169
15172624,4.198445,-7.042089,1.9388485
15172641,-0.8090504,-4.2271686,4.5335546
15172654,-0.5313881,-6.0750585,7.6835847
15172670,-0.8952214,-8.842107,8.516571
15172689,-2.1782124,-12.595334,5.452712
15172704,-1.14416,-13.23683,3.3750327
15172721,3.0111992,-6.9559183,5.653778
15172734,3.4229054,-1.776081,6.256975
15172749,4.016528,-7.281453,2.4845984
15172765,2.513322,-6.850598,7.1665583
15172781,1.4505459,5.3952646,15.831535
15172801,-0.8281995,3.9590807,17.066654
15172814,0.46436617,-0.5792609,11.05383
15172829,2.3314054,-4.150572,6.9176197
15172845,1.4122477,-6.764427,6.2761245
15172861,0.22500217,-9.2825365,6.256975
15172881,1.6994845,-6.7069798,5.17505
15172894,3.4229054,-2.101616,6.5346375
15172909,2.254809,-0.13883112,6.4005938
15172925,1.1728836,0.20585304,3.4133308
15172941,0.05266008,0.3111732,4.131423
15172962,1.2686293,4.0931244,3.997379
15172974,-3.2218397,-2.2835326,11.465536
15172990,4.0644007,-19.077312,14.625141
15173005,4.6005764,-4.5718527,9.263388
15173022,5.4048395,-6.6591067,12.231501
15173036,4.08355,-7.9708214,7.8655014
15173052,1.2877784,-9.474028,5.7495236
15173069,-0.9526688,-10.517654,9.464453
15173085,1.2590547,-10.335738,11.398514
15173102,1.2782038,-9.272962,10.958084
15173115,1.0101161,-3.0494976,13.543216
15173132,0.9622433,-0.19627848,12.614484
15173147,1.862252,-3.2792869,9.732541
15173165,2.3026817,-5.6250544,4.543129
15173182,3.0303483,-12.662356,0.09095833
15173195,2.4175766,-19.058163,-3.1165195
15173211,0.512239,-19.594337,-7.2718787
15173230,1.776081,-17.612404,-9.780414
15173246,4.868664,-14.893229,-9.129343
15173262,6.113357,-13.016615,-6.0750585
15173275,5.1654754,-12.643207,-4.581427
15173291,7.4537954,-14.720886,0.23457673
15173307,-2.1590633,5.28037,7.2623043
15173326,-4.016528,14.20386,7.1091113
15173342,-10.977234,-4.5335546,7.0803876
15173355,-3.1548176,-19.594337,10.881488
15173371,3.3175852,-6.4005938,7.741032
15173386,3.6814184,-5.002708,7.501668
15173402,3.451629,-5.366541,3.8920588
15173422,3.020774,-0.014361841,4.8303657
15173435,4.303765,-2.0441687,6.5825105
15173451,4.5718527,-8.66019,3.2601378
15173467,15.448553,-13.658111,7.3006024
15173483,-0.4164934,4.0356774,3.7867386
15173503,1.5175679,0.37819514,4.83994
15173516,11.226172,-13.878325,9.847435
15173532,5.797396,1.6516117,-0.32074776
15173547,1.9579976,-7.1091113,2.1973617
15173563,5.950589,-14.0793915,-2.1399143
15173577,6.486765,-12.164479,-6.017611
15173593,2.254809,-14.184711,-6.0367603
15173611,4.045252,-12.815549,-1.3356512
15173627,6.745278,-6.458041,-3.9207826
15173643,7.549541,-8.229335,-4.236743
15173657,5.7016506,-9.904882,-1.6611862
15173672,3.078221,-8.679339,-4.9835587
15173691,1.4888442,-7.1474094,-1.2016073
15173707,-1.0005416,-4.73462,2.714388
15173722,-6.821874,1.3452257,7.4154973
15173736,1.8431029,-16.654947,3.997379
15173752,-1.0005416,-9.253813,3.3367343
15173771,2.4367256,0.83777404,5.002708
15173787,6.975067,-0.8473486,2.1590633
15173804,2.6952388,-12.604909,1.2399056
15173817,2.6186423,-19.527315,5.5771813
15173832,5.309094,-12.480439,1.383524
15173848,5.222923,-7.2144313,6.180379
15173864,4.6675982,-10.996383,2.561195
15173882,6.2474008,-10.038927,0.33032233
15173896,7.2335806,-10.919786,1.2973529
15173911,3.9590807,-10.804892,3.997379
15173927,1.6324625,-1.1920328,3.0111992
15173944,1.862252,-1.862252,2.6282167
15173964,3.039923,-12.375119,-3.690993
15173977,4.7058964,-11.245321,-5.0601554
15173992,3.7484405,-11.455961,-5.2133484
15174008,1.7569319,-14.20386,-2.6760898
15174023,1.4505459,-8.210186,0.4356425
15174043,1.3739494,-4.322914,-0.2920241
15174056,2.9633265,-3.7675896,-3.9399316
15174072,4.849515,-5.979313,-6.1899533
15174087,5.108028,-10.249567,-8.315506
15174104,5.1846247,-9.675094,-6.3144226
15174118,4.466532,-9.636795,-4.0261025
15174137,3.365458,-11.9346895,-2.7622607
15174150,4.2463174,-10.2016945,-7.2144313
15174168,5.1367517,-12.604909,-8.957002
15174185,5.376116,-8.889979,-6.7261286
15174198,5.5580325,-4.9739842,-6.9080453
15174214,4.7441945,-4.6005764,-11.302769
15174233,6.2091026,-10.488931,-10.967659
15174249,3.212265,-3.1356685,3.0016246
15174263,-4.619725,-9.225089,-3.6335456
15174277,-2.254809,-19.594337,-5.002708
15174293,0.23457673,-18.091131,-8.478273
15174309,2.6856642,-19.594337,-12.298523
15174327,2.733537,-8.803808,-5.1654754
15174342,1.1920328,8.832532,-4.0261025
15174357,1.7856555,-3.8920588,-1.3452257
15174373,1.3165021,-11.484685,0.9430942
15174389,0.30159867,-4.7441945,3.4037561
15174408,-1.9867213,-7.176133,4.5910015
15174423,-0.13883112,-6.4484663,3.5282254
15174438,-3.4420545,-8.957002,5.232497
15174454,5.088879,-13.141085,9.167642
15174468,8.21976,4.437809,6.285699
15174488,-8.746361,13.284702,5.672927
15174504,-5.462287,-4.9069624,7.6069884
15174519,1.0771381,-5.002708,8.545295
15174534,1.0579889,-2.254809,13.744282
15174549,2.1111906,-0.18670394,13.945347
15174563,4.4473834,5.960164,11.254896
15174584,7.4537954,7.2240057,7.741032
15174595,0.751603,-2.2835326,4.3612123
15174612,-1.948423,-7.999545,5.9314404
15174629,0.91437054,-6.017611,7.664436
15174643,4.198445,-2.3505547,9.5219
15174663,2.7431116,2.0633178,12.3463955
15174678,4.0739756,6.5825105,10.421909
15174691,4.131423,6.410168,7.0325146
15174707,5.538883,2.9441774,7.0612383
15174739,4.0548263,-5.682502,13.571939
15174755,-1.5271424,-6.9463434,11.905966
15174771,2.8388572,-5.0314317,11.72405
15174788,4.1122737,-4.2080193,3.3175852
15174803,3.844186,-5.912291,7.1857076
15174819,3.7675896,-0.5888355,10.230418
15174835,2.2835326,-1.9962958,2.408002
15174852,2.666515,-6.285699,7.8367777
15174869,4.4473834,-1.6899099,11.475111
15174883,3.5569491,-1.3356512,10.172971
15174899,1.776081,-3.173967,4.2175937
15174915,4.849515,-13.983645,0.023936402
15174930,3.4133308,-10.900637,0.47394073
15174949,3.499502,-9.770839,-1.4505459
15174963,6.333572,-11.800646,-4.83994
15174979,9.158067,-18.378368,-3.4612036
15174995,3.1643922,-12.805975,0.56968635
15175011,3.1835413,9.148493,5.0314317
15175028,2.7048132,15.285786,-5.941015
15175043,6.2282515,-2.7814097,-13.8879
15175059,8.487848,-18.90497,-8.583593
15175074,-0.30159867,-19.594337,6.6878304
15175089,-4.849515,-18.407093,9.847435
15175108,-1.2399056,-7.9803963,1.8048047
15175123,3.173967,-6.4963393,-1.6516117
15175139,5.586756,-8.995299,-2.2356598
15175152,5.787822,-12.470865,-1.7665064
15175169,4.3612123,-10.517654,-0.85692316
15175187,3.690993,-8.11444,0.50266445
15175203,4.2080193,-9.339984,-3.8154624
15175219,5.8644185,-8.593168,-4.342063
15175234,7.3197513,3.9016335,-8.995299
15175250,6.5059137,-4.935686,-3.4037561
15175268,5.787822,-3.6239712,-3.231414
15175284,6.678256,2.34098,-3.8058877
15175296,5.586756,-9.0814705,-1.2494801
15175312,5.376116,-10.94851,-5.155901
15175329,7.003791,-12.260224,-10.19212
15175344,5.979313,-6.6016593,-1.8048047
15175375,3.078221,-6.975067,3.6526947
15175391,-0.03351096,-10.804892,1.8239537
15175407,1.1824582,-14.395351,-2.101616
15175424,5.6633525,-11.1208515,-4.581427
15175440,6.4963393,-7.693159,-4.3612123
15175455,3.4037561,-10.326163,-4.437809
15175471,2.513322,-15.879409,-2.034594
15175489,2.8580062,-7.3867736,-2.5037475
15175505,1.5079932,-0.6558574,-5.759098
15175520,4.389936,-5.7495236,-7.204857
15175535,6.3144226,-5.347392,-8.5740185
15175551,6.9559183,-5.3952646,-9.531475
15175567,6.6495323,-9.770839,-8.7750845
15175584,3.5665238,-10.153821,-6.9654927
15175600,3.997379,-8.928278,-7.6452866
15175615,5.9314404,-7.654861,-8.066567
15175632,3.7292912,-4.7537694,-3.6622694
15175648,0.83777404,-2.1590633,-1.6899099
15175664,0.46436617,-5.2707953,-4.83994
15175677,2.321831,-7.482519,-8.392102
15175695,1.7665064,-7.7793303,-9.244238
15175711,2.0058703,-6.2665496,-11.111278
15175728,3.1069448,-10.144247,-13.1602335
15175744,3.7963133,-11.628304,-13.34215
15175761,1.8526775,-12.69108,0.9718179
15175775,-0.26330042,-10.278291,2.5516202
15175789,-0.28244954,-12.90172,-2.2356598
15175808,-0.90479594,-14.969825,0.78032666
15175824,-1.3643749,-12.422992,-2.752686
15175837,2.3792782,-10.220843,-6.113357
15175855,3.365458,-12.56661,-13.351725
15175869,3.384607,-14.921952,-5.9697385
15175884,3.518651,-7.9899707,-2.8101335
15175901,0.8760723,6.323997,17.325167
15175917,-3.2888615,4.1888704,4.322914
15175932,-5.021857,-19.594337,-6.2952733
15175949,0.25372586,-19.594337,-6.592085
15175965,1.3260766,-13.227255,-2.2739582
15175981,0.46436617,-0.6845811,5.5771813
15175996,-2.254809,4.96441,11.982562
15176012,-4.5335546,0.13883112,10.757019
15176029,-4.0739756,-6.8027253,8.928278
15176045,2.6377914,-5.950589,10.469782
15176062,2.1782124,1.7186337,10.134672
15176077,-5.06973,1.709059,8.037844
15176092,-2.2260852,-2.2643836,7.549541
15176111,0.15798025,-2.4367256,8.085716
15176126,1.5654407,0.5505372,8.171887
15176142,1.6133134,1.2877784,9.445304
15176157,4.696322,0.7228793,9.062322
15176172,8.286782,3.6622694,7.003791
15176191,2.6856642,-0.91437054,9.837861
15176206,-0.40691882,-6.4484663,5.7495236
15176222,2.2739582,-4.3707867,4.543129
15176238,1.1633091,-0.3398969,8.258059
15176253,2.3026817,3.1069448,11.207023
15176272,4.916537,6.0463347,13.380448
15176282,6.2761245,2.8292825,14.194285
15176299,3.0494976,-2.5324712,13.658111
15176331,1.2016073,-6.525063,10.125097
15176346,2.9920502,-3.4324799,7.089962
15176362,4.2271686,-5.0122824,7.348475
15176378,3.7675896,-1.2686293,7.9037995
15176397,5.7208,-1.5175679,5.4431376
15176412,5.0122824,-6.065484,3.2218397
15176426,0.77075213,-3.5378,2.7718353
15176443,1.5462915,-4.1601467,0.23457673
15176458,4.8207912,-10.737869,15.534724
15176473,-0.6079846,2.0441687,10.364462
15176490,3.671844,-4.7058964,-4.3803616
15176507,7.195282,-5.108028,2.1399143
15176523,4.1409974,-2.9633265,4.303765
15176538,0.5218136,0.34947145,0.3877697
15176553,2.513322,-4.9069624,-12.011286
15176571,8.085716,-17.28687,-14.175137
15176587,8.44955,-19.594337,-5.155901
15176603,1.9388485,-15.8123865,5.0314317
15176618,3.1548176,3.9590807,2.3697038
15176633,4.868664,0.61755913,2.647366
15176652,6.1899533,-13.141085,-0.751603
15176667,6.563361,-16.645372,2.5324712
15176683,1.7856555,-12.537887,4.150572
15176698,1.0675635,-12.738953,2.3697038
15176714,2.101616,-13.562365,1.9962958
15176732,2.3697038,-12.030436,0.45479164
15176747,4.121848,-11.465536,-1.3548003
15176764,6.5825105,-12.308098,-1.2111819
15176776,8.363379,-7.788905,0.37819514
15176792,5.0601554,-6.716554,-2.149489
15176812,2.9250283,-8.708063,-3.8154624
15176824,5.5580325,0.12925656,-11.685751
15176840,9.349558,0.42606795,-0.3877697
15176855,5.0122824,1.2877784,-7.195282
15176872,3.3558834,-0.5218136,3.0973704
15176887,4.3133397,1.9579976,1.5367169
15176904,6.975067,-11.197449,-3.020774
15176919,7.156984,-15.3049345,-4.0548263
15176935,7.693159,-10.488931,-7.281453
15176953,7.4250717,-2.800559,-1.4984187
15176967,5.845269,2.5994933,11.197449
15176984,-1.1633091,-3.2601378,7.922949
15176999,0.2441513,-11.647452,2.8292825
15177015,4.619725,-12.0400095,-1.1728836
15177033,5.739949,-8.746361,-3.384607
15177047,3.0686467,-6.391019,-5.8644185
15177064,2.561195,-8.4686985,-5.979313
15177079,2.5994933,-10.469782,-4.1122737
15177095,1.1824582,-9.742115,-5.586756
15177111,1.8718265,-8.679339,-5.108028
15177127,2.5228968,-6.678256,-3.5569491
15177144,3.2984362,-7.511243,-7.051664
15177159,2.5994933,-8.066567,-7.9899707
15177174,4.7058964,-6.3527207,-9.2825365
15177191,6.2378263,-5.941015,-11.953838
15177207,6.027186,-6.2091026,-12.987891
15177224,5.1271772,-8.679339,-9.512326
15177239,3.5665238,-9.445304,-7.1857076
15177255,2.1590633,-12.193203,-4.5910015
15177271,2.0728924,-10.441058,-8.047418
15177288,2.408002,-12.221927,-10.038927
15177304,0.39734426,-13.303852,-11.331492
15177319,-2.5037475,-12.308098,2.0920415
15177335,-4.993133,-10.06765,11.168725
15177352,-0.77075213,-9.761265,-0.8281995
15177367,0.63670826,-18.100706,-8.6697645
15177384,-1.4601204,-16.875162,7.2335806
15177399,-1.929274,7.3676243,5.8931417
15177415,-1.0579889,1.6899099,5.7303743
15177432,-3.7867386,-14.682589,-0.30159867
15177444,-0.359046,-18.282623,-0.6271337
15177464,1.7665064,-7.5974135,-0.56011176
15177476,-1.2303311,-0.63670826,5.7782474
15177492,-3.2409887,0.22500217,9.780414
15177512,-3.2984362,-1.6899099,8.076141
15177524,-1.8909757,-8.200611,8.315506
15177540,4.4090853,-2.494173,7.2910275
15177556,-2.5324712,7.4920936,5.8931417
15177572,-9.560199,8.861256,7.7506065
15177587,-6.2761245,-0.014361841,7.8176284
15177604,-0.014361841,-6.745278,8.066567
15177620,3.020774,-4.7441945,11.341067
15177635,0.50266445,0.99096704,11.896391
15177652,-0.062234644,3.020774,12.700654
15177668,2.8484318,0.59841,9.225089
15177684,5.4239883,-0.6079846,6.3527207
15177700,8.564445,-2.8484318,8.085716
15177716,-0.61755913,-3.911208,8.191036
15177732,-6.515488,2.800559,6.438892
15177748,-5.5101595,6.094208,9.550624
15177764,3.4133308,2.9824755,9.703817
15177781,7.8367777,1.6707608,12.69108
15177794,4.5622783,-0.50266445,14.519821
15177812,1.2399056,0.44521707,15.908133
15177826,0.46436617,1.0005416,13.619812
15177845,-0.11968201,-3.7388659,7.9133744
15177861,-1.0101161,-10.421909,1.4026731
15177876,-1.0675635,-12.509163,-0.50266445
15177893,1.8335283,-12.078308,1.9771467
15177908,2.9154537,-7.894225,-1.4984187
15177925,1.1824582,-9.96233,-2.0058703
15177941,-3.2409887,-13.840027,3.518651
15177956,0.0718092,-12.298523,3.8346114
15177973,4.782493,-11.178299,4.4473834
15177985,5.3378177,-11.503835,-1.622888
15178005,3.9782298,-11.532558,-7.003791
15178017,4.801642,-11.953838,-10.383611
15178034,4.4186597,-9.20594,1.6516117
15178053,1.709059,-4.887813,15.716641
15178065,2.2835326,-2.5899186,11.972988
15178082,1.4888442,-7.808054,12.758101
15178097,3.451629,-10.393186,13.179382
15178116,2.9441774,-9.8953085,11.082554
15178128,-0.91437054,-9.464453,12.805975
15178145,0.90479594,-11.235746,13.964497
15178162,3.6431203,-11.005958,9.31126
15178177,3.3175852,-13.064487,-6.0750585
15178193,-3.3558834,-18.742203,-5.462287
15178209,-1.929274,-4.428234,-4.8303657
15178225,7.4920936,-6.4197426,-2.3792782
15178242,11.168725,-7.855927,-2.5994933
15178257,8.095291,0.023936402,-3.2888615
15178274,5.1654754,3.7101421,-6.1229315
15178289,7.8367777,-8.526146,-7.434646
15178306,6.869747,-19.20178,0.54096264
15178322,3.3080106,-5.8835673,-2.6760898
15178337,7.6452866,-4.887813,-5.5580325
15178354,9.330409,-14.921952,-1.0388398
15178369,3.4707782,-18.53156,3.1835413
15178386,0.85692316,-10.517654,2.513322
15178402,5.2037735,-6.304848,-0.13883112
15178418,7.616563,-5.0122824,-1.0196906
15178434,5.5101595,-4.2463174,-3.2505634
15178449,6.0846334,-3.126094,-2.8484318
15178462,6.1995277,-3.2697124,-5.299519
15178482,4.3707867,-1.3165021,-0.8090504
15178495,8.564445,-14.146413,-1.469695
15178514,0.42606795,-4.303765,-7.329326
15178527,0.8952214,6.764427,-5.194199
15178544,4.7250457,-6.544212,-6.458041
15178558,2.4845984,-10.0868,-6.7931504
15178577,0.93351966,-2.4463003,-2.034594
15178595,4.8303657,-11.015532,1.2303311
15178607,-1.6037389,-9.3878565,11.944264
15178622,1.6516117,-19.594337,11.082554
15178638,2.4367256,-18.933693,9.435729
15178655,3.4612036,-19.594337,4.83994
15178670,8.037844,-15.266637,4.887813
15178687,5.462287,-0.023936402,-0.4835153
15178703,4.6867476,-3.1548176,6.639958
15178718,7.3676243,-9.435729,0.2154276
15178735,6.1899533,-14.66344,1.4888442
15178750,5.414414,-8.928278,-11.05383
15178767,5.3569665,-15.429404,5.835695
15178783,4.504831,-3.1452432,-0.16755481
15178800,3.0877957,-5.2516465,0.7420284
15178815,-1.0005416,-11.044255,-2.0441687
15178830,8.133589,-9.483603,-3.5569491
15178847,6.984642,-2.254809,-9.272962
15178863,1.383524,-4.342063,-10.172971
15178879,5.481436,2.6186423,-11.657027
15178895,2.168638,-0.78990126,-11.963413
15178911,1.7377827,-5.1846247,-2.494173
15178927,3.3367343,-5.7208,-3.1069448
15178943,3.3367343,-14.921952,-7.4537954
15178959,5.414414,-11.254896,-8.21976
15178975,4.121848,-5.7686725,-5.998462
15178991,1.8718265,-0.8281995,-3.2792869
15179004,2.1782124,-3.0303483,-0.45479164
15179023,2.254809,-7.46337,1.9675722
15179036,1.2207564,-9.435729,-3.2697124
15179056,1.8239537,-13.34215,-5.041006
15179070,3.0111992,-9.560199,-4.5239797
15179083,3.2026904,-7.8655014,-4.3324885
15179099,4.303765,-10.661273,-4.437809
15179118,4.2558923,-12.011286,-1.9005502
15179134,1.8239537,-8.028269,-6.563361
15179148,3.7101421,-8.037844,-4.437809
15179163,5.941015,-4.772918,-6.304848
15179179,4.351638,-5.5771813,-7.5591154
15179195,4.0548263,-5.567607,-7.6452866
15179215,4.8303657,-4.887813,-7.8176284
15179227,2.580344,-7.0325146,-9.18679
15179244,2.2643836,-8.133589,-10.153821
15179259,-0.3398969,-12.58576,-2.2165108
15179275,-2.427151,-14.242159,-7.4537954
15179291,0.77075213,-14.462374,-7.329326
15179309,0.23457673,-12.56661,-11.38894
15179324,0.56011176,-13.562365,-13.725132
15179339,1.9579976,-11.637878,0.062234644
15179356,0.42606795,-3.0303483,7.1186857
15179371,-0.70373017,-6.525063,-3.193116
15179388,0.85692316,-19.594337,-7.511243
15179405,0.90479594,-19.153908,-8.631466
15179420,0.3877697,9.0814705,3.4324799
15179436,1.1728836,10.6134,10.345312
15179452,-5.4718614,-4.495256,9.96233
15179468,-6.2761245,-2.2452345,6.5346375
15179485,0.09095833,-12.107032,10.230418
15179500,2.2643836,-6.6591067,10.699572
15179516,-0.359046,4.5718527,11.657027
15179532,-3.5090764,4.6293,10.670848
15179548,0.69415563,4.916537,11.321918
15179561,-1.5750152,1.8909757,8.564445
15179597,0.6271337,-7.769756,7.9325233
15179611,1.14416,-3.8729098,8.794233
15179625,-0.6845811,0.17712937,10.230418
15179641,-0.26330042,2.6090677,10.747444
15179659,3.499502,1.9867213,9.579348
15179677,6.2474008,-1.3165021,9.20594
15179689,4.0739756,-2.1590633,9.18679
15179705,3.212265,-5.1654754,7.348475
15179720,2.88673,-8.861256,4.0931244
15179737,1.7186337,-5.5580325,5.7208
15179752,1.3165021,0.93351966,11.140001
15179769,2.9346027,4.169721,14.500671
15179785,4.0069537,0.33032233,12.681505
15179801,3.7963133,-2.513322,9.129343
15179817,4.495256,-5.5101595,8.794233
15179832,4.2080193,-9.033598,9.96233
15179849,1.8143792,-8.478273,7.3676243
15179865,1.6516117,-5.2420716,7.02294
15179879,3.2505634,-1.79523,9.885734
15179896,3.4420545,-3.039923,10.105948
15179911,3.039923,-5.088879,6.0750585
15179927,2.7622607,-5.347392,8.439975
15179946,2.2260852,-3.777164,6.017611
15179960,4.1601467,-3.9686553,-3.0686467
15179977,3.5090764,-7.0995364,-1.0484143
15179991,3.173967,-5.759098,4.169721
15180008,2.647366,-1.0101161,8.018694
15180025,2.1590633,-3.7292912,5.155901
15180041,5.9697385,-6.7548523,1.6899099
15180056,6.4005938,-10.680422,-1.4984187
15180071,6.0367603,-12.221927,2.9633265
15180087,4.456958,-9.560199,5.8165455
15180105,2.6186423,-10.2016945,4.9069624
15180121,4.1409974,-13.074062,1.8431029
15180137,6.113357,-17.200697,-1.9962958
15180152,6.1229315,-19.182632,3.0303483
15180167,-0.359046,-18.474113,8.7750845
15180186,1.1537346,-11.149575,8.258059
15180201,6.3527207,-3.7005677,1.7186337
15180218,11.1208515,-7.846352,-5.194199
15180232,8.258059,-13.0549135,-2.2069361
15180247,2.8101335,1.5462915,0.3877697
15180261,-7.46337,-1.8335283,-6.764427
15180277,-4.342063,-19.594337,-6.611234
15180298,13.313426,-11.503835,-5.519734
15180309,15.869834,0.665432,-0.2920241
15180326,2.7622607,-1.3069274,-1.0771381
15180342,1.709059,-7.654861,-1.9962958
15180358,6.1899533,-5.49101,-2.0250196
15180373,6.2091026,-4.648449,-5.17505
15180392,5.692076,-0.8473486,-8.353804
15180407,3.5665238,-5.835695,-1.3260766
15180423,4.1601467,-1.709059,-0.91437054
15180439,6.5537868,-5.979313,-4.7537694
15180453,7.4154973,-15.180466,-8.21976
15180469,8.535721,-13.294277,-7.8176284
15180486,6.438892,-10.134672,-7.616563
15180502,6.132506,-3.9686553,-1.2016073
15180519,6.525063,1.5750152,6.0080366
15180533,1.3260766,-1.9579976,4.198445
15180549,0.8473486,-10.278291,1.9867213
15180566,1.2111819,-13.00704,-5.672927
15180582,4.772918,-13.399597,-5.873993
15180599,4.322914,-11.398514,-3.930357
15180613,2.8101335,-7.1186857,-4.8782387
15180628,3.1548176,-6.975067,-6.745278
15180643,3.3941817,-9.952756,-6.391019
15180662,3.8346114,-8.842107,-6.630383
15180678,3.8346114,-6.47719,-6.4197426
15180692,4.2080193,-4.5239797,-6.525063
15180708,4.2080193,-3.7675896,-7.348475
15180723,3.6622694,-5.462287,-9.876159
15180739,3.8633351,-7.56869,-11.9346895
15180759,3.4133308,-7.702734,-11.341067
15180773,1.3356512,-10.919786,-4.0356774
15180789,-0.50266445,-13.1602335,-7.02294
15180803,1.0867126,-14.759185,-6.027186
15180820,0.023936402,-15.774088,-6.256975
15180840,-3.2888615,-15.582597,12.480439
15180850,-3.3750327,-7.8655014,5.586756
15180867,0.64628285,-13.504917,-8.593168
15180886,2.714388,-18.387943,-10.172971
15180900,2.360129,-13.495343,-12.920869
15180914,1.0101161,-10.077225,-8.746361
15180947,6.1995277,13.13151,11.187874
15180964,-4.8590894,18.282623,12.978316
15180979,-8.353804,0.36862057,11.858093
15180994,-3.5760984,-14.223009,5.7016506
15181010,4.581427,-11.207023,5.797396
15181029,-1.0005416,1.4888442,7.6835847
15181044,-7.3389006,2.733537,10.354887
15181060,-1.6037389,2.666515,11.05383
15181074,0.37819514,1.6037389,10.220843
15181090,-0.10053288,-0.7324539,9.742115
15181107,3.059072,-1.7377827,8.23891
15181123,1.5941644,1.0867126,6.745278
15181140,0.8664977,4.284616,8.583593
15181154,0.8090504,-1.862252,7.0708127
15181171,1.2973529,-4.6293,6.544212
15181188,2.4463003,-0.8952214,6.716554
15181203,1.4792696,-1.8431029,8.698488
15181219,3.758015,-2.2452345,10.230418
15181232,5.82612,2.5420458,14.9794
15181248,5.500585,2.4463003,14.481523
15181265,2.6090677,0.34947145,7.8272033
15181280,3.8824842,-2.1782124,4.619725
15181300,5.873993,-4.5527034,7.7123084
15181313,2.6856642,-5.079304,11.360216
15181328,-1.8431029,-4.275041,11.867668
15181344,-0.8664977,-3.6239712,10.287866
15181360,1.9101248,-4.045252,9.608071
15181380,2.8484318,-6.6208086,6.2665496
15181393,1.2494801,-6.2091026,7.0325146
15181409,1.709059,-5.1176023,0.8186249
15181426,4.2558923,-12.643207,1.776081
15181440,2.0250196,-12.892146,1.6516117
15181455,0.16755481,-11.580431,3.1835413
15181474,0.25372586,-7.1857076,2.6952388
15181489,2.5994933,-10.010203,-3.3175852
15181504,3.4803526,-11.503835,-6.113357
15181521,4.2654667,-15.754939,-3.059072
15181535,-0.16755481,-9.914457,13.1602335
15181551,1.0005416,-1.383524,14.615566
15181566,2.1973617,-3.8729098,16.82729
15181585,4.456958,-9.129343,15.123018
15181602,3.0973704,-9.8953085,7.243155
15181615,-0.69415563,-10.441058,9.024023
15181631,0.6558574,-8.736787,11.226172
15181649,3.7675896,-9.54105,11.178299
15181662,4.581427,-10.134672,9.722966
15181682,2.2356598,-8.727212,-1.3930986
15181695,-1.3356512,-19.594337,-7.9037995
15181711,-2.5037475,-7.855927,-3.2505634
15181726,5.002708,-3.2409887,-1.6994845
15181742,13.208106,-6.8122997,-1.5845897
15181762,10.182545,-1.383524,-2.9824755
15181776,5.041006,-0.15798025,-4.993133
15181791,8.459125,-6.0367603,-7.7123084
15181805,11.05383,-17.114527,0.16755481
15181822,4.0644007,-10.632549,1.0005416
15181841,4.543129,-6.9080453,-2.5516202
15181855,7.664436,-10.747444,-1.6324625
15181870,5.041006,-15.113443,4.2463174
15181885,0.27287498,-11.676176,4.428234
15181902,2.1782124,-6.6016593,0.359046
15181922,4.5527034,-6.0559096,-0.18670394
15181935,2.6856642,-6.936769,-4.2558923
15181950,4.131423,-6.2282515,-7.8272033
15181965,4.9739842,-1.9579976,-8.909128
15181982,6.639958,3.7005677,-10.622974
15181996,8.34423,2.9346027,-11.858093
15182015,1.8335283,-2.9346027,11.647452
15182031,2.2643836,-11.714475,4.3133397
15182046,3.0016246,-11.216598,-2.1207652
15182062,5.433563,-16.875162,-1.4984187
15182076,2.561195,-11.331492,2.752686
15182092,0.2441513,-11.101703,7.894225
15182108,0.36862057,-12.710229,7.4059224
15182126,3.193116,-7.0995364,3.5378
15182142,5.146326,-8.593168,2.5037475
15182156,7.46337,-11.762347,-16.53048
15182172,5.8931417,-19.594337,-6.630383
15182187,5.912291,-10.919786,1.9388485
15182206,3.7005677,-6.3144226,11.59958
15182223,4.696322,-5.3569665,2.733537
15182236,7.7123084,-12.384694,-3.4324799
15182252,4.868664,-13.437896,-4.935686
15182267,4.954835,-9.29211,-4.868664
15182287,-0.3398969,-5.682502,-2.168638
15182303,-1.6420372,-6.47719,-1.1250108
15182317,4.715471,-8.698488,-5.634629
15182332,8.957002,-8.143164,-8.861256
15182347,3.6526947,-7.434646,-9.809137
15182363,-0.32074776,-2.905879,-8.593168
15182383,4.2558923,-1.0579889,-7.875076
15182396,6.8793216,-1.0675635,-5.8644185
15182412,1.5175679,-4.2080193,-8.650616
15182427,0.8664977,0.359046,-8.315506
15182443,2.494173,-2.905879,-3.8824842
15182458,3.4133308,-12.154904,-5.835695
15182474,3.9495063,-18.110281,-8.602742
15182490,3.7005677,-15.573023,-9.608071
15182507,3.8537605,-9.024023,-4.0261025
15182524,3.2505634,-2.9920502,-2.867581
15182537,1.9196993,-2.5228968,-1.2016073
15182557,1.3165021,-6.936769,-0.9622433
15182569,1.1728836,-11.657027,-3.8920588
15182587,1.0196906,-11.743198,-5.366541
15182604,2.9537518,-10.230418,-4.2080193
15182617,2.733537,-12.279374,-3.9399316
15182633,4.4090853,-9.301685,-3.0973704
15182649,3.4324799,-7.549541,-5.002708
15182667,2.5516202,-9.598496,-6.936769
15182684,4.428234,-10.479357,-8.698488
15182697,5.299519,-8.171887,-9.493176
15182713,4.5718527,-6.391019,-10.220843
15182728,3.4803526,-5.979313,-8.641041
15182747,2.034594,-7.511243,-7.1665583
15182764,0.023936402,-9.703817,-4.351638
15182777,-0.13883112,-10.077225,-5.82612
15182793,0.8664977,-11.216598,-7.12826
15182809,0.512239,-14.031518,-8.00912
15182828,-2.5037475,-14.960251,0.28244954
15182844,-3.5569491,-9.665519,0.16755481
15182857,1.5367169,-5.8548436,15.534724
15182873,-4.9452605,19.603912,15.257062
15182889,-6.4484663,4.5910015,10.220843
15182905,-5.644203,-18.646456,3.4324799
15182924,5.38569,-17.191124,3.4037561
15182937,3.3558834,-6.1995277,8.34423
15182953,-0.78032666,-1.4409714,12.624058
15182969,-1.7282082,-1.14416,11.743198
15182985,2.819708,0.043085523,8.152739
15182999,-1.0579889,2.972901,6.1612296
15183015,-0.5505372,-0.7420284,6.333572
15183033,-4.1409974,-2.3888528,5.079304
15183049,0.13883112,-0.99096704,9.330409
15183065,0.30159867,-0.44521707,10.680422
15183078,1.8048047,-0.70373017,10.785743
15183094,1.9388485,-1.7665064,9.445304
15183110,4.08355,-1.2111819,8.736787
15183129,5.9027166,2.0058703,10.642124
15183145,2.7431116,4.0931244,11.168725
15183158,4.7441945,-1.5558661,9.971905
15183174,5.1654754,-6.544212,7.02294
15183193,1.6803354,-8.382527,5.6154795
15183209,1.469695,-5.9314404,7.511243
15183225,3.4037561,0.99096704,12.9591675
15183238,4.016528,4.0548263,14.969825
15183254,4.0644007,1.0292653,15.266637
15183269,3.604822,-4.935686,13.1602335
15183289,1.5462915,-7.003791,7.6261373
15183305,3.9495063,-11.408089,4.2558923
15183318,2.972901,-13.840027,2.7048132
15183334,3.2697124,-8.018694,3.9016335
15183349,3.9399316,-4.5239797,6.7931504
15183365,3.5473747,-2.8963046,9.31126
15183385,3.2697124,-4.3612123,9.196365
15183398,4.0739756,-3.9686553,6.869747
15183414,4.993133,-2.4654493,5.9314404
15183430,6.0367603,-3.9399316,1.4601204
15183446,5.041006,-8.411251,-2.360129
15183465,5.222923,-11.810221,-3.2888615
15183479,6.2665496,-12.059159,-2.5994933
15183495,7.156984,-10.268716,5.7782474
15183510,1.8143792,-5.605905,12.968742
15183526,0.83777404,-5.347392,-2.4463003
15183540,7.0803876,-11.005958,-7.741032
15183559,10.728295,-12.777251,-2.972901
15183571,6.678256,-1.6420372,1.1250108
15183590,2.5994933,9.244238,4.5144053
15183606,1.79523,3.5090764,-2.2069361
15183619,6.094208,-5.605905,-6.486765
15183636,9.96233,-7.999545,-8.363379
15183654,7.2718787,-15.697492,-7.894225
15183670,-0.40691882,-19.594337,7.8176284
15183686,-4.935686,-19.173058,8.286782
15183699,-0.8473486,-10.910212,0.26330042
15183715,3.1548176,-6.7931504,-4.2654667
15183734,6.094208,-7.204857,-0.16755481
15183750,6.850598,-7.137835,-1.3930986
15183766,7.204857,-11.72405,-2.733537
15183780,6.3527207,-11.896391,0.46436617
15183795,7.003791,-8.602742,1.3356512
15183811,5.5771813,-6.180379,-2.666515
15183830,4.1026993,-6.3622956,-1.9771467
15183847,5.653778,3.1548176,-4.715471
15183859,6.3622956,-1.4218222,-5.960164
15183875,9.167642,-3.4899273,-5.452712
15183891,7.3676243,-2.2739582,-3.365458
15183906,5.960164,-3.3175852,-1.948423
15183926,5.4048395,-10.163396,-2.6856642
15183940,5.6633525,-14.232584,-6.2282515
15183955,6.285699,-12.269799,-2.5037475
15183970,4.5144053,-4.9835587,-4.868664
15183987,5.739949,-3.039923,-1.4984187
15184001,6.4676156,-8.11444,0.6271337
15184020,4.466532,-11.130426,1.7569319
15184036,1.2686293,-15.285786,-1.3548003
15184051,6.065484,-11.590006,-1.709059
15184067,5.979313,-9.272962,-5.5771813
15184081,5.82612,-9.655944,-5.366541
15184100,5.500585,-7.4154973,-7.721883
15184115,4.0261025,-6.5346375,-9.684668
15184129,5.653778,-5.1846247,-9.885734
15184146,5.481436,-3.3271596,-10.096374
15184160,4.772918,-4.83994,-9.579348
15184176,3.844186,-6.438892,-8.870831
15184195,2.7909844,-7.281453,-9.464453
15184211,1.7282082,-9.7899885,-6.304848
15184227,0.13883112,-12.442142,-2.733537
15184241,-0.69415563,-14.548545,-4.83994
15184256,-4.016528,-15.391106,11.72405
15184272,-1.3356512,-8.430401,4.83994
15184308,-5.797396,16.099623,9.780414
15184321,-6.410168,-12.317672,5.6633525
15184336,-0.9526688,-17.296444,2.5899186
15184352,3.8154624,-8.315506,5.3378177
15184371,1.6803354,-5.002708,9.196365
15184388,-0.36862057,-3.6239712,9.339984
15184401,2.2069361,-7.587839,6.7740016
15184416,7.616563,-5.5580325,5.347392
15184432,0.665432,3.384607,3.671844
15184448,-0.78032666,-1.14416,4.476107
15184468,3.844186,-1.9579976,7.195282
15184482,5.021857,0.8664977,9.474028
15184497,3.997379,-4.476107,15.295361
15184512,5.3186684,-7.1186857,15.553873
15184528,4.1888704,-2.666515,9.876159
15184542,3.1835413,-3.5282254,7.7984796
15184558,4.121848,-3.6143966,4.1122737
15184576,2.647366,-1.1537346,1.4505459
15184592,-1.2973529,-8.152739,1.3548003
15184608,-0.4164934,-15.496426,1.3548003
15184622,4.8973875,-12.825124,-0.19627848
15184641,6.438892,-8.794233,6.438892
15184656,-0.17712937,-8.765511,12.863422
15184672,-3.4899273,-3.9782298,9.876159
15184688,0.32074776,-3.5665238,6.2952733
15184702,3.8346114,-7.329326,3.0016246
15184718,7.741032,-9.837861,3.3271596
15184736,1.9771467,-12.480439,3.0303483
15184751,0.062234644,-6.745278,4.198445
15184768,3.5665238,-7.003791,5.7016506
15184782,3.2697124,-6.6591067,3.2888615
15184797,3.3080106,-6.831449,-0.5792609
15184813,5.7112255,-11.561282,-3.4133308
15184833,4.4473834,-9.742115,3.212265
15184847,2.972901,-4.4090853,17.459211
15184863,3.825037,-1.3356512,19.594337
15184878,4.73462,-9.378282,19.565615
15184893,5.5771813,-11.072979,15.046422
15184913,1.6420372,-10.19212,12.365545
15184927,1.6994845,-7.4059224,11.226172
15184943,4.0069537,-7.5782647,13.188957
15184958,5.9218655,-8.851681,3.3941817
15184973,-0.12925656,-19.086885,-0.3111732
15185007,2.513322,0.5218136,-1.6611862
15185022,5.6154795,3.3271596,-5.8931417
15185038,6.7069798,-2.7718353,-12.212352
15185053,5.8548436,-0.9430942,-17.890066
15185071,7.9420977,-9.033598,-14.692163
15185087,13.734707,-19.067738,-1.9675722
15185102,6.678256,-12.422992,10.354887
15185117,-2.0441687,-10.594251,10.383611
15185132,-0.751603,-16.137922,1.2111819
15185147,5.9027166,-16.875162,-1.1824582
15185163,8.889979,-6.639958,2.972901
15185179,5.9218655,-4.8207912,6.017611
15185197,0.5888355,-8.593168,1.5941644
15185212,2.9633265,-7.8176284,-1.2494801
15185227,4.3707867,-5.7303743,-4.4090853
15185243,4.342063,-5.5101595,-5.0601554
15185259,3.4037561,-2.7431116,-3.8729098
15185277,4.303765,-1.0388398,-4.3133397
15185293,6.525063,-8.181462,-3.825037
15185307,3.3175852,-8.794233,2.5899186
15185323,1.6899099,-2.88673,6.0559096
15185338,3.059072,-5.739949,2.3505547
15185354,5.5963306,-13.016615,1.1058618
15185370,5.797396,-11.915541,-1.5079932
15185387,5.5484576,-10.680422,-0.4835153
15185403,5.682502,-9.665519,2.360129
15185418,5.988888,-10.900637,4.772918
15185434,5.835695,-10.594251,6.6591067
15185452,4.9835587,-12.595334,6.745278
15185467,4.801642,-13.600663,4.08355
15185483,4.772918,-10.488931,4.322914
15185499,4.782493,-5.912291,5.4048395
15185514,5.950589,-4.0548263,6.821874
15185533,7.156984,-2.1590633,3.1643922
15185548,6.410168,-7.348475,-1.9962958
15185563,8.430401,-10.5080805,-10.6134
15185578,7.875076,-10.919786,-6.017611
15185593,-5.2037735,-7.2623043,-4.016528
15185613,-7.2910275,-15.640044,-13.504917
15185628,6.0463347,-5.519734,-11.982562
15185644,12.403843,3.7867386,-6.132506
15185657,7.0612383,-1.2686293,-6.0080366
15185673,2.187787,-7.3389006,-4.868664
15185693,0.56968635,-7.0803876,-8.870831
15185708,4.715471,-5.021857,-5.146326
15185720,7.5208173,-2.2643836,-3.4707782
15185739,5.9314404,-4.9069624,-3.4612036
15185754,4.3707867,-10.967659,-2.3984275
15185768,4.8207912,-12.126181,-4.1026993
15185788,7.8846507,-9.320834,-4.476107
15185800,8.66019,-7.12826,-1.7186337
15185819,6.0750585,-8.870831,-1.9771467
15185834,4.763344,-9.426155,-4.1409974
15185848,5.49101,-9.244238,-4.504831
15185864,5.155901,-10.479357,-4.3133397
15185879,3.8729098,-11.379365,-7.8367777
15185895,4.6867476,-11.676176,-7.7506065
15185911,5.988888,-10.814466,-4.342063
15185928,5.6633525,-9.96233,-1.383524
15185944,4.2463174,-12.049584,-0.33032233
15185960,3.0303483,-13.23683,0.3111732
15185975,2.5324712,-11.49426,1.2399056
15185994,4.0548263,-5.8835673,7.0708127
15186008,0.043085523,16.999632,15.745364
15186024,-6.7357035,17.621979,17.621979
15186040,-13.00704,-3.2984362,8.353804
15186055,-0.47394073,-19.594337,6.9080453
15186074,9.742115,-14.931527,3.6431203
15186088,3.5378,0.4356425,12.949593
15186104,-2.6377914,12.25065,13.23683
15186120,-9.119769,8.085716,6.5346375
15186134,-6.132506,-14.615566,5.9218655
15186152,5.0505805,-7.808054,7.8846507
15186168,-1.1250108,4.351638,10.661273
15186184,-6.6495323,8.545295,12.834699
15186200,-3.8346114,3.8729098,12.595334
15186215,-1.2494801,-1.8909757,10.536804
15186229,1.6516117,1.8239537,9.397431
15186248,-1.5750152,1.1345854,8.889979
15186261,-2.5037475,-0.70373017,7.0133657
15186280,-0.8281995,0.3398969,6.6495323
15186295,-0.49308985,0.36862057,6.821874
15186309,-0.665432,-0.023936402,7.195282
15186325,-0.77075213,-0.8952214,8.258059
15186341,-0.8760723,-1.5462915,9.378282
15186357,-1.2590547,-1.0675635,10.105948
15186373,-1.5941644,0.28244954,10.431483
15186389,-1.5462915,1.5941644,10.038927
15186406,-2.1590633,1.3643749,9.177217
15186421,-3.5665238,-0.665432,8.851681
15186436,-4.1888704,-2.8388572,9.024023
15186455,-3.0686467,-3.6239712,10.307014
15186469,-2.34098,-1.2207564,11.59958
15186485,-2.9346027,0.8281995,11.915541
15186501,-3.1165195,0.20585304,11.187874
15186517,-2.5420458,-0.61755913,10.182545
15186535,-2.0728924,-0.8760723,9.713391
15186552,-2.0537431,-1.1824582,9.2825365
15186565,-2.149489,-0.9718179,9.0814705
15186581,-2.0058703,-0.3877697,9.062322
15186596,-1.8335283,-0.014361841,9.033598
15186615,-1.8909757,-0.22500217,8.957002
15186630,-1.9771467,-0.46436617,8.966576
15186646,-1.9771467,-0.2441513,9.0814705
15186662,-2.034594,0.014361841,9.138918
15186677,-2.149489,-0.062234644,9.119769
15186690,-2.2260852,-0.3111732,9.119769
15186709,-2.1782124,-0.2920241,9.167642
15186726,-2.1207652,-0.16755481,9.244238
15186739,-2.561195,-0.05266008,8.085716
15186755,-2.494173,0.4164934,10.814466
15186770,-0.9430942,-0.7420284,8.478273
15186789,-1.622888,-0.5505372,9.655944
15186802,-1.8431029,-0.18670394,9.991054
15186821,-2.6952388,0.32074776,9.780414
15186836,-2.88673,-0.27287498,9.5219
